190000,ui_spray_001,2,50,10,0,0,
190001,ui_spray_002,2,50,10,1000,1,
190002,ui_spray_003,0,50,10,3000,1,
190003,ui_spray_004,2,50,10,2000,1,
190004,ui_spray_005,2,50,10,1000,1,
190005,ui_spray_006,2,50,10,3000,1,
190006,ui_spray_007,1,50,10,1000,1,
190007,ui_spray_008,1,50,10,2000,1,
190008,ui_spray_009,1,50,10,0,1,
190009,ui_spray_010,1,50,10,2000,1,
190010,ui_spray_011,1,50,10,0,0,
190011,ui_spray_012,1,50,10,2000,1,
190012,ui_spray_013,1,50,10,1000,0,
190013,ui_spray_014,1,50,10,1000,1,
190014,ui_spray_015,1,50,10,0,0,
190015,ui_spray_016,1,50,10,2000,1,
190016,ui_spray_017,1,50,10,2000,1,
190017,ui_spray_018,2,50,10,1000,1,
190018,ui_spray_019,2,50,10,3000,1,
190019,ui_spray_020,1,50,10,1000,0,
190020,ui_spray_021,1,50,10,2000,1,
190021,ui_spray_022,2,50,10,0,0,
190022,ui_spray_023,2,50,10,2000,1,
190023,ui_spray_024,2,50,10,2000,1,
190024,ui_spray_025,2,50,10,1000,1,
190025,ui_spray_026,1,50,10,0,1,
190026,ui_spray_027,1,50,10,1000,0,
190027,ui_spray_028,1,50,10,0,1,
190028,ui_spray_029,1,50,10,0,1,
190029,ui_spray_030,1,50,10,0,1,
190030,ui_spray_031,1,50,10,1000,1,
190031,ui_spray_032,0,50,10,1000,1,
190032,ui_spray_033,0,50,10,1000,1,
190033,ui_spray_034,0,50,10,1000,1,
190034,ui_spray_035,0,50,10,1000,1,
190035,ui_spray_036,0,50,10,1000,1,
190036,ui_spray_037,0,50,10,1000,1,
190037,ui_spray_038,2,50,10,5000,1,
190038,ui_spray_039,1,50,10,1000,1,
190039,ui_spray_040,0,50,10,1000,1,
190040,ui_spray_041,0,50,10,1000,1,
190041,ui_spray_042,0,50,10,1000,1,
190042,ui_spray_043,0,50,10,1000,1,
190043,ui_spray_044,0,50,10,1000,1,
190044,ui_spray_045,0,50,10,1000,1,
190045,ui_spray_046,0,50,10,1000,1,
190046,ui_spray_047,0,50,10,1000,1,
190047,ui_spray_048,0,50,10,1000,1,
190048,ui_spray_049,0,50,10,1000,1,
190049,ui_spray_050,0,50,10,1000,1,
190050,ui_spray_051,0,200,40,1000,1,
190051,ui_spray_052,0,200,40,1000,1,
190052,ui_spray_053,0,200,40,1000,1,
190053,ui_spray_054,0,200,40,1000,1,
190054,ui_spray_055,0,200,40,1000,1,
190055,ui_spray_056,0,200,40,1000,1,
190056,ui_spray_057,0,200,40,1000,1,
190057,ui_spray_058,0,200,40,1000,1,
190058,ui_spray_059,0,200,40,1000,1,
190059,ui_spray_060,0,200,40,1000,1,
190060,ui_spray_061,2,200,40,3000,1,
190061,ui_spray_062,0,200,40,1000,1,
190062,ui_spray_063,2,200,40,2000,1,
190063,ui_spray_064,2,200,40,0,0,
190064,ui_spray_065,2,200,40,2000,1,
190065,ui_spray_066,2,200,40,2000,1,
190066,ui_spray_067,2,200,40,2000,1,
190067,ui_spray_068,2,200,40,2000,1,
190068,ui_spray_069,2,200,40,2000,1,
190069,ui_spray_070,2,200,40,2000,1,
190070,ui_spray_071,2,200,40,2000,1,
190071,ui_spray_072,2,200,40,2000,1,
190072,ui_spray_073,2,200,40,2000,1,
190073,ui_spray_074,2,200,40,1000,1,
190074,ui_spray_075,2,200,40,1000,1,
190075,ui_spray_076,1,500,100,0,0,
190076,ui_spray_077,2,500,100,1000,1,
190077,ui_spray_078,1,500,100,2000,1,
190078,ui_spray_079,1,500,100,2000,1,
190079,ui_spray_080,1,500,100,3000,1,
190080,ui_spray_081,1,500,100,2000,1,
190081,ui_spray_082,1,500,100,3000,1,
190082,ui_spray_083,1,500,100,2000,1,
190083,ui_spray_084,2,500,100,0,1,
190084,ui_spray_085,2,500,100,0,0,
190085,ui_spray_086,2,500,100,2000,1,
190086,ui_spray_087,2,500,100,1000,1,
190087,ui_spray_088,2,500,100,1000,1,
190088,ui_spray_089,2,500,100,0,0,
190089,ui_spray_090,2,500,100,3000,1,
190090,ui_spray_091,2,1000,200,0,0,
190091,ui_spray_092,2,1000,200,3000,1,
190092,ui_spray_093,2,1000,200,1000,1,
190093,ui_spray_094,2,1000,200,2000,1,
190094,ui_spray_095,2,1000,200,2000,1,
190095,ui_spray_096,2,1000,200,1000,0,
190096,ui_spray_097,2,1000,200,2000,1,
190097,ui_spray_098,2,1000,200,2000,1,
190098,ui_spray_099,1,1000,200,1000,0,
190099,ui_spray_100,1,1000,200,3000,1,
190100,ui_spray_101,1,1000,200,1000,1,
190101,ui_spray_102,1,1000,200,3000,1,
190102,ui_spray_103,1,1000,200,3000,1,
190103,ui_spray_104,2,1000,200,1000,1,
190104,ui_spray_105,1,1000,200,2000,1,
190105,ui_spray_106,1,1000,200,3000,1,
190106,ui_spray_107,1,1000,200,0,0,
190107,ui_spray_108,1,1000,200,1000,1,
190108,ui_spray_109,1,1000,200,1000,1,
190109,ui_spray_110,1,1000,200,3000,1,
190110,ui_spray_111,1,1000,200,3000,1,
190111,ui_spray_112,1,1000,200,0,1,
190112,ui_spray_113,1,1000,200,3000,1,
190113,ui_spray_114,1,1000,200,1000,0,
190114,ui_spray_115,1,1000,200,2000,1,
190115,ui_spray_116,1,1000,200,2000,1,
190116,ui_spray_117,1,1000,200,2000,1,
190117,ui_spray_118,1,1000,200,3000,1,
190118,ui_spray_119,1,1000,200,1000,1,
190119,ui_spray_120,1,1000,200,3000,1,
190120,ui_spray_121,1,1000,200,2000,1,
190121,ui_spray_122,1,1000,200,3000,1,
190122,ui_spray_123,1,1000,200,3000,1,
190123,ui_spray_124,1,1000,200,3000,1,
190124,ui_spray_125,1,1000,200,3000,1,
190125,ui_spray_126,1,1000,200,3000,1,
190126,ui_spray_127,1,1000,200,3000,1,
190127,ui_spray_128,1,1000,200,3000,1,
190128,ui_spray_129,1,1000,200,2000,1,
190129,ui_spray_130,2,1000,200,2000,1,
190130,ui_spray_131,1,1000,200,2000,1,
190131,ui_spray_132,1,1000,200,3000,1,
190132,ui_spray_133,1,1000,200,3000,1,
190133,ui_spray_134,1,1000,200,2000,1,
190134,ui_spray_135,2,1000,200,0,1,
190135,ui_spray_136,2,1000,200,1000,1,
190136,ui_spray_137,2,1000,200,0,1,
190137,ui_spray_138,2,1000,200,1000,1,
190138,ui_spray_139,2,1000,200,0,1,
190139,ui_spray_140,0,1000,200,1000,1,
190140,ui_spray_141,2,1000,200,3000,1,
190141,ui_spray_142,2,1000,200,0,0,
190142,ui_spray_143,0,1000,200,1000,1,
190143,ui_spray_144,2,1000,200,0,1,
190144,ui_spray_145,2,1000,200,0,0,
190145,ui_spray_146,1,1000,200,3000,1,
190146,ui_spray_147,2,1000,200,0,0,
190147,ui_spray_148,1,1000,200,3000,1,
190148,ui_spray_149,2,1000,200,0,0,
190149,ui_spray_150,2,1000,200,0,0,
190150,ui_spray_151,0,1000,200,1000,1,
190151,ui_spray_152,2,1000,200,0,0,
190152,ui_spray_153,0,1000,200,3000,1,
190153,ui_spray_154,0,1000,200,3000,1,
190154,ui_spray_155,1,1000,200,3000,1,
190155,ui_spray_156,0,1000,200,3000,1,
190156,ui_spray_157,2,1000,200,3000,1,
190157,ui_spray_158,0,1000,200,3000,1,
190158,ui_spray_159,1,1000,200,2000,1,
190159,ui_spray_160,1,1000,200,2000,1,
190160,ui_spray_161,0,1000,200,3000,1,
190161,ui_spray_162,0,1000,200,3000,1,
190162,ui_spray_163,0,1000,200,3000,1,
190163,ui_spray_164,0,1000,200,3000,1,
190164,ui_spray_165,0,1000,200,3000,1,
190165,ui_spray_166,0,1000,200,3000,1,
190166,ui_spray_167,0,1000,200,3000,1,
190167,ui_spray_168,0,1000,200,3000,1,
190168,ui_spray_169,0,1000,200,3000,1,
190169,ui_spray_170,0,1000,200,3000,1,
190170,ui_spray_171,0,1000,200,3000,1,
190171,ui_spray_172,0,1000,200,3000,1,
190172,ui_spray_173,2,1000,200,0,0,
190173,ui_spray_174,2,1000,200,3000,1,
190174,ui_spray_175,2,1000,200,0,0,
190175,ui_spray_176,2,1000,200,2000,1,
190176,ui_spray_177,2,1000,200,1000,1,
190177,ui_spray_178,2,1000,200,0,0,
190178,ui_spray_179,2,1000,200,0,0,
190179,ui_spray_180,2,1000,200,0,1,
190180,ui_spray_181,2,1000,200,0,0,
190181,ui_spray_182,2,1000,200,4000,1,
190182,ui_spray_183,2,1000,200,4000,1,
190183,ui_spray_184,0,1000,200,1000,1,
190184,ui_spray_185,0,1000,200,1000,1,
190185,ui_spray_186,2,1000,200,5000,1,
190186,ui_spray_187,2,1000,200,6000,1,
190187,ui_spray_188,2,1000,200,3000,1,
190188,ui_spray_189,2,1000,200,2000,1,
190189,ui_spray_190,0,1000,200,1000,1,
190190,ui_spray_191,2,1000,200,1000,1,
190191,ui_spray_192,2,1000,200,3000,1,
190192,ui_spray_193,2,1000,200,2000,1,
190193,ui_spray_194,0,1000,200,1000,1,
190194,ui_spray_195,3,1000,200,5000,1,
190195,ui_spray_196,2,1000,200,4001,1,
190196,ui_spray_197,2,1000,200,0,0,
190197,ui_spray_198,0,1000,200,1000,1,
190198,ui_spray_199,2,1000,200,0,0,
190199,ui_spray_200,0,1000,200,1000,1,
190200,ui_spray_201,2,1000,200,0,0,
190201,ui_spray_202,2,1000,200,0,0,
190202,ui_spray_203,2,1000,200,4000,1,
190203,ui_spray_204,1,1000,200,1000,1,
190204,ui_spray_205,2,1000,200,3000,1,
190205,ui_spray_206,2,1000,200,0,0,
190206,ui_spray_207,1,1000,200,1000,1,
190207,ui_spray_208,2,1000,200,4001,1,
190208,ui_spray_209,0,1000,200,4000,1,
190209,ui_spray_210,0,1000,200,4000,1,
190210,ui_spray_211,0,1000,200,1000,1,
190211,ui_spray_212,3,1000,200,5000,1,
190212,ui_spray_213,2,1000,200,4000,1,
190213,ui_spray_214,3,1000,200,3000,1,
190214,ui_spray_215,2,1000,200,4000,1,
190215,ui_spray_216,2,1000,200,4000,1,
190216,ui_spray_217,2,1000,200,3000,1,
190217,ui_spray_218,0,0,0,0,0,
190218,ui_spray_219,0,0,0,0,0,
190219,ui_spray_220,0,0,0,0,0,
190220,ui_spray_221,0,0,0,0,0,
190221,ui_spray_222,0,0,0,0,0,
190222,ui_spray_223,0,0,0,0,0,
190223,ui_spray_224,0,0,0,0,0,
190224,ui_spray_225,0,0,0,0,0,
190225,ui_spray_226,0,0,0,0,0,
190226,ui_spray_227,0,0,0,0,0,
190227,ui_spray_228,0,0,0,0,0,
190228,ui_spray_229,0,0,0,0,0,
190229,ui_spray_230,2,1000,200,4000,1,
190230,ui_spray_231,2,1000,200,4001,1,
190231,ui_spray_232,2,1000,200,4000,1,
190232,ui_spray_233,0,1000,200,4000,1,
190233,ui_spray_234,2,1000,200,5000,1,
190234,ui_spray_235,0,1000,200,4000,1,
190235,ui_spray_236,2,1000,200,1000,1,
190236,ui_spray_237,2,1000,200,5000,1,
190237,ui_spray_238,2,1000,200,4000,1,
190238,ui_spray_239,2,1000,200,4000,1,
190239,ui_spray_240,2,1000,200,3000,1,
190240,ui_spray_241,2,1000,200,2000,1,
190241,ui_spray_242,1,1000,200,2000,1,
190242,ui_spray_243,2,1000,200,2000,1,
190243,ui_spray_244,0,1000,200,1000,1,
190244,ui_spray_245,1,1000,200,2000,1,
190245,ui_spray_246,1,1000,200,2000,1,
190246,ui_spray_247,2,1000,200,3000,1,
190247,ui_spray_248,2,1000,200,5000,1,
190248,ui_spray_249,0,1000,200,4000,1,
190249,ui_spray_250,0,1000,200,1000,1,
190250,ui_spray_251,2,1000,200,4001,1,
190251,ui_spray_252,2,1000,200,3000,1,
190252,ui_spray_253,0,1000,200,1000,1,
190253,ui_spray_254,2,1000,200,3000,1,
190254,ui_spray_255,2,1000,200,0,0,
190255,ui_spray_256,2,1000,200,2000,1,
190256,ui_spray_257,0,1000,200,1000,1,
190257,ui_spray_258,0,1000,200,1000,1,
190258,ui_spray_259,1,1000,200,3000,1,
190259,ui_spray_260,1,1000,200,5000,1,
190260,ui_spray_261,1,1000,200,3000,1,
190261,ui_spray_262,1,1000,200,3000,1,
190262,ui_spray_263,1,1000,200,5000,1,
190263,ui_spray_264,1,1000,200,0,0,
190264,ui_spray_265,1,1000,200,3000,1,
190265,ui_spray_266,1,1000,200,5000,1,
190266,ui_spray_267,1,1000,200,3000,1,
190267,ui_spray_268,1,1000,200,2000,1,
190268,ui_spray_269,1,1000,200,5000,1,
190269,ui_spray_270,1,1000,200,5000,1,
190270,ui_spray_271,1,1000,200,5000,1,
190271,ui_spray_272,1,1000,200,5000,1,
190272,ui_spray_273,1,1000,200,1000,1,
190273,ui_spray_274,1,1000,200,1000,1,
190274,ui_spray_275,1,1000,200,1000,1,
190275,ui_spray_276,1,1000,200,3000,1,
190276,ui_spray_277,1,1000,200,1000,1,
190277,ui_spray_278,1,1000,200,1000,1,
190278,ui_spray_279,1,1000,200,1000,1,
190279,ui_spray_280,2,1000,200,4000,1,
190280,ui_spray_281,2,1000,200,5000,1,
190281,ui_spray_282,3,1000,200,6000,1,
190282,ui_spray_283,2,1000,200,4001,1,
190283,ui_spray_284,3,1000,200,4000,1,
190284,ui_spray_285,2,1000,200,4000,1,
190285,ui_spray_286,3,1000,200,4000,1,
190286,ui_spray_287,2,1000,200,4000,1,
190287,ui_spray_288,2,1000,200,4000,1,
190288,ui_spray_289,2,1000,200,0,1,
190289,ui_spray_290,2,1000,200,4000,1,
190290,ui_spray_291,2,1000,200,4000,1,
190291,ui_spray_292,2,1000,200,1000,1,
190292,ui_spray_293,1,1000,200,0,1,
190293,ui_spray_294,1,1000,200,0,1,
190294,ui_spray_295,1,1000,200,1000,1,
190295,ui_spray_296,1,1000,200,2000,1,
190296,ui_spray_297,2,1000,200,4000,1,
190297,ui_spray_298,1,1000,200,2000,1,
190298,ui_spray_299,2,1000,200,3000,1,
190299,ui_spray_300,2,1000,200,6000,1,
190300,ui_spray_301,2,1000,200,4000,1,
190301,ui_spray_302,1,1000,200,0,0,
190302,ui_spray_303,2,1000,200,3000,1,
190303,ui_spray_304,1,1000,200,0,1,
190304,ui_spray_305,2,1000,200,5000,1,
190305,ui_spray_306,1,1000,200,2000,1,
190306,ui_spray_307,2,1000,200,4001,1,
190307,ui_spray_308,1,1000,200,1000,1,
190308,ui_spray_309,2,1000,200,4001,1,
190309,ui_spray_310,2,1000,200,4000,1,
190310,ui_spray_311,1,1000,200,2000,1,
190311,ui_spray_312,2,1000,200,5000,1,
190312,ui_spray_313,0,1000,200,1000,1,
190313,ui_spray_314,2,1000,200,5000,1,
190314,ui_spray_315,2,1000,200,4001,1,
190315,ui_spray_316,2,1000,200,2000,1,
190316,ui_spray_317,2,1000,200,6000,1,
190317,ui_spray_318,2,1000,200,3000,1,
190318,ui_spray_319,1,1000,200,1000,1,
190319,ui_spray_320,1,1000,200,0,0,
190320,ui_spray_321,2,1000,200,6000,1,
190321,ui_spray_322,0,1000,200,4000,1,
190322,ui_spray_323,2,1000,200,4000,1,
190323,ui_spray_324,0,1000,200,6000,1,
190324,ui_spray_325,1,1000,200,3000,1,
190325,ui_spray_326,2,1000,200,3000,1,
190326,ui_spray_327,1,1000,200,3000,1,
190327,ui_spray_328,0,1000,200,4000,1,
190328,ui_spray_329,0,1000,200,4000,1,
190329,ui_spray_330,2,1000,200,1000,1,
190330,ui_spray_331,2,1000,200,4000,1,
190331,ui_spray_332,2,1000,200,4000,1,
190332,ui_spray_333,2,1000,200,4000,1,
190333,ui_spray_334,0,1000,200,4000,1,
190334,ui_spray_335,0,1000,200,4000,1,
190335,ui_spray_336,1,1000,200,5000,1,
190336,ui_spray_337,0,1000,200,4000,1,
190337,ui_spray_338,2,1000,200,4000,1,
190338,ui_spray_339,2,1000,200,0,0,
190339,ui_spray_340,2,1000,200,4000,1,
190340,ui_spray_341,2,1000,200,1000,1,
190341,ui_spray_342,2,1000,200,1000,1,
190342,ui_spray_343,2,1000,200,1000,1,
190343,ui_spray_344,0,1000,200,1000,1,
190344,ui_spray_345,0,1000,200,1000,1,
190345,ui_spray_346,0,1000,200,1000,1,
190346,ui_spray_347,0,1000,200,1000,1,
190347,ui_spray_348,0,1000,200,1000,1,
190348,ui_spray_349,0,1000,200,1000,1,
190349,ui_spray_350,0,1000,200,1000,1,
190350,ui_spray_351,0,1000,200,1000,1,
190351,ui_spray_352,0,1000,200,1000,1,
190352,ui_spray_353,0,1000,200,1000,1,
190353,ui_spray_354,0,1000,200,1000,1,
190354,ui_spray_355,0,1000,200,1000,1,
190355,ui_spray_356,1,1000,200,1000,1,
190356,ui_spray_357,2,1000,200,4000,1,
190357,ui_spray_358,2,1000,200,6000,1,
190358,ui_spray_359,0,1000,200,1000,1,
190359,ui_spray_360,0,1000,200,5000,1,
190360,ui_spray_361,0,1000,200,1000,1,
190361,ui_spray_362,0,1000,200,5000,1,
190362,ui_spray_363,2,1000,200,4000,1,
190363,ui_spray_364,0,1000,200,5000,1,
190364,ui_spray_365,2,1000,200,4000,1,
190365,ui_spray_366,0,1000,200,5000,1,
190366,ui_spray_367,0,1000,200,5000,1,
190367,ui_spray_368,0,1000,200,4000,1,
190368,ui_spray_369,0,1000,200,5000,1,
190369,ui_spray_370,0,1000,200,4000,1,
190370,ui_spray_371,2,1000,200,4000,1,
190371,ui_spray_372,2,1000,200,4000,1,
190372,ui_spray_373,0,1000,200,1000,1,
190373,ui_spray_374,2,1000,200,4000,1,
190374,ui_spray_375,0,1000,200,5000,1,
190375,ui_spray_376,0,1000,200,5000,1,
190376,ui_spray_377,2,1000,200,3000,1,
190377,ui_spray_378,2,1000,200,4000,1,
190378,ui_spray_379,0,1000,200,4000,1,
190379,ui_spray_380,2,1000,200,4000,1,
190380,ui_spray_381,2,1000,200,4000,1,
190381,ui_spray_382,2,1000,200,4000,1,
190382,ui_spray_383,2,1000,200,4000,1,
190383,ui_spray_384,2,1000,200,4000,1,
190384,ui_spray_385,2,1000,200,4000,1,
190385,ui_spray_386,2,1000,200,4000,1,
190386,ui_spray_387,2,1000,200,4000,1,
190387,ui_spray_388,2,1000,200,4000,1,
190388,ui_spray_389,2,1000,200,4000,1,
190389,ui_spray_390,0,1000,200,4000,1,
190390,ui_spray_391,2,1000,200,4000,1,
190391,ui_spray_392,0,1000,200,4000,1,
190392,ui_spray_393,1,1000,200,3000,1,
190393,ui_spray_394,0,1000,200,1000,1,
190394,ui_spray_395,0,1000,200,1000,1,
190395,ui_spray_396,1,1000,200,3000,1,
190396,ui_spray_397,0,1000,200,1000,1,
190397,ui_spray_398,2,1000,200,3000,1,
190398,ui_spray_399,0,1000,200,1000,1,
190399,ui_spray_400,0,1000,200,1000,1,
190400,ui_spray_401,2,1000,200,4001,1,
190401,ui_spray_402,0,1000,200,1000,1,
190402,ui_spray_403,0,1000,200,1000,1,
190403,ui_spray_404,2,1000,200,4000,1,
190404,ui_spray_405,2,1000,200,4000,1,
190405,ui_spray_406,2,1000,200,5000,1,
190406,ui_spray_407,2,1000,200,4001,1,
190407,ui_spray_408,0,1000,200,1000,1,
190408,ui_spray_409,0,1000,200,1000,1,
190409,ui_spray_410,0,1000,200,1000,1,
190410,ui_spray_411,2,1000,200,4000,1,
190411,ui_spray_412,2,1000,200,4001,1,
190412,ui_spray_413,2,1000,200,4000,1,
190413,ui_spray_414,2,1000,200,4000,1,
190414,ui_spray_415,2,1000,200,3000,1,
190415,ui_spray_416,2,1000,200,4000,1,
190416,ui_spray_417,2,1000,200,4000,1,
190417,ui_spray_418,2,1000,200,4000,1,
190418,ui_spray_419,2,1000,200,4000,1,
190419,ui_spray_420,0,1000,200,1000,1,
190420,ui_spray_421,2,1000,200,4000,1,
190421,ui_spray_422,2,1000,200,4000,1,
190422,ui_spray_423,2,1000,200,3000,1,
190423,ui_spray_424,0,1000,200,5000,1,
190424,ui_spray_425,0,1000,200,5000,1,
190425,ui_spray_426,0,1000,200,5000,1,
190426,ui_spray_427,0,1000,200,5000,1,
190427,ui_spray_428,0,1000,200,5000,1,
190428,ui_spray_429,0,1000,200,5000,1,
190429,ui_spray_430,2,1000,200,3000,1,
190430,ui_spray_431,3,1000,200,5000,1,
190431,ui_spray_432,0,1000,200,1000,1,
190432,ui_spray_433,3,1000,200,4000,1,
190433,ui_spray_434,2,1000,200,3000,1,
190434,ui_spray_435,0,1000,200,1000,1,
190435,ui_spray_436,0,1000,200,1000,1,
190436,ui_spray_437,0,1000,200,1000,1,
190437,ui_spray_438,0,1000,200,1000,1,
190438,ui_spray_439,2,1000,200,5001,1,
190439,ui_spray_440,0,1000,200,5000,1,
190440,ui_spray_441,0,1000,200,5000,1,
190441,ui_spray_442,0,1000,200,1000,1,
190442,ui_spray_443,3,1000,200,3000,1,
190443,ui_spray_444,0,1000,200,1000,1,
190444,ui_spray_445,0,1000,200,1000,1,
190445,ui_spray_446,0,1000,200,1000,1,
190446,ui_spray_447,0,1000,200,1000,1,
190447,ui_spray_448,2,1000,200,4001,1,
190448,ui_spray_449,0,1000,200,1000,1,
190449,ui_spray_450,3,1000,200,5000,1,
190450,ui_spray_451,2,1000,200,3000,1,
190451,ui_spray_452,1,1000,200,1000,1,
190452,ui_spray_453,1,1000,200,1000,1,
190453,ui_spray_454,2,1000,200,1000,1,
190454,ui_spray_455,1,1000,200,1000,1,
190455,ui_spray_456,2,1000,200,1000,1,
190456,ui_spray_457,2,1000,200,1000,1,
190457,ui_spray_458,0,1000,200,1000,1,
190458,ui_spray_459,2,1000,200,2000,1,
190459,ui_spray_460,1,1000,200,1000,1,
190460,ui_spray_461,1,1000,200,1000,1,
190461,ui_spray_462,2,1000,200,1000,1,
190462,ui_spray_463,2,1000,200,1000,1,
190463,ui_spray_464,2,1000,200,1000,1,
190464,ui_spray_465,2,1000,200,1000,1,
190465,ui_spray_466,2,1000,200,1000,1,
190466,ui_spray_467,2,1000,200,1000,1,
190467,ui_spray_468,2,1000,200,1000,1,
190468,ui_spray_469,2,1000,200,1000,1,
190469,ui_spray_470,2,1000,200,1000,1,
190470,ui_spray_471,2,1000,200,1000,1,
190471,ui_spray_472,2,1000,200,1000,1,
190472,ui_spray_473,2,1000,200,1000,1,
190473,ui_spray_474,3,1000,200,1000,1,
190474,ui_spray_475,1,1000,200,1000,1,
190475,ui_spray_476,1,1000,200,2000,1,
190476,ui_spray_477,1,1000,200,2000,1,
190477,ui_spray_478,1,1000,200,2000,1,
190478,ui_spray_479,1,1000,200,2000,1,
190479,ui_spray_480,2,1000,200,2000,1,
190480,ui_spray_481,2,1000,200,2000,1,
190481,ui_spray_482,2,1000,200,3000,1,
190482,ui_spray_483,2,1000,200,3000,1,
190483,ui_spray_484,3,1000,200,3000,1,
190484,ui_spray_485,2,1000,200,3000,1,
190485,ui_spray_486,2,1000,200,3000,1,
190486,ui_spray_487,2,1000,200,3000,1,
190487,ui_spray_488,2,1000,200,3000,1,
190488,ui_spray_489,2,1000,200,3000,1,
190489,ui_spray_490,2,1000,200,3000,1,
190490,ui_spray_491,2,1000,200,3000,1,
190491,ui_spray_492,2,1000,200,3000,1,
190492,ui_spray_493,2,1000,200,3000,1,
190493,ui_spray_494,2,1000,200,3000,1,
190494,ui_spray_495,2,1000,200,3000,1,
190495,ui_spray_496,2,1000,200,3000,1,
190496,ui_spray_497,2,1000,200,3000,1,
190497,ui_spray_498,2,1000,200,3000,1,
190498,ui_spray_499,2,1000,200,4000,1,
190499,ui_spray_500,3,1000,200,6000,1,
190500,ui_spray_501,2,1000,200,4000,1,
190501,ui_spray_502,3,1000,200,4001,1,
190502,ui_spray_503,3,1000,200,4001,1,
190503,ui_spray_504,3,1000,200,4001,1,
190504,ui_spray_505,3,1000,200,4001,1,
190505,ui_spray_506,3,1000,200,4001,1,
190506,ui_spray_507,3,1000,200,4001,1,
190507,ui_spray_508,3,1000,200,4001,1,
190508,ui_spray_509,3,1000,200,4001,1,
190509,ui_spray_510,3,1000,200,4001,1,
190510,ui_spray_511,3,1000,200,4001,1,
190511,ui_spray_512,3,1000,200,4001,1,
190512,ui_spray_513,3,1000,200,4001,1,
190513,ui_spray_514,2,1000,200,4001,1,
190514,ui_spray_515,2,1000,200,4001,1,
190515,ui_spray_516,2,1000,200,4001,1,
190516,ui_spray_517,3,1000,200,4001,1,
190517,ui_spray_518,3,1000,200,4001,1,
190518,ui_spray_519,3,1000,200,4001,1,
190519,ui_spray_520,2,1000,200,5000,1,
190520,ui_spray_521,2,1000,200,5000,1,
190521,ui_spray_522,2,1000,200,5000,1,
190522,ui_spray_523,2,1000,200,5000,1,
190523,ui_spray_524,2,1000,200,5000,1,
190524,ui_spray_525,3,1000,200,5000,1,
190525,ui_spray_526,3,1000,200,5000,1,
190526,ui_spray_527,2,1000,200,5000,1,
190527,ui_spray_528,2,1000,200,5000,1,
190528,ui_spray_529,2,1000,200,5000,1,
190529,ui_spray_530,2,1000,200,5000,1,
190530,ui_spray_531,2,1000,200,5000,1,
190531,ui_spray_532,2,1000,200,5000,1,
190532,ui_spray_533,2,1000,200,5000,1,
190533,ui_spray_534,2,1000,200,5000,1,
190534,ui_spray_535,2,1000,200,5000,1,
190535,ui_spray_536,3,1000,200,5001,1,
190536,ui_spray_537,3,1000,200,5001,1,
190537,ui_spray_538,3,1000,200,5001,1,
190538,ui_spray_539,3,1000,200,6000,1,
190539,ui_spray_540,2,1000,200,5001,1,
190540,ui_spray_541,3,1000,200,6000,1,
190541,ui_spray_542,3,1000,200,6000,1,
190542,ui_spray_543,3,1000,200,6000,1,
190543,ui_spray_544,3,1000,200,6000,1,
190544,ui_spray_545,2,1000,200,6000,1,
190545,ui_spray_546,3,1000,200,6000,1,
190546,ui_spray_547,3,1000,200,6000,1,
190547,ui_spray_548,2,1000,200,6000,1,
190548,ui_spray_549,3,1000,200,6000,1,
190549,ui_spray_550,2,1000,200,6000,1,
190550,ui_spray_551,2,1000,200,6000,1,
190551,ui_spray_552,2,1000,200,6000,1,
190552,ui_spray_553,2,1000,200,6000,1,
190553,ui_spray_554,2,1000,200,6000,1,
190554,ui_spray_555,2,1000,200,6000,1,
190555,ui_spray_556,2,1000,200,6000,1,
190556,ui_spray_557,2,1000,200,6000,1,
190557,ui_spray_558,2,1000,200,6000,1,
190558,ui_spray_559,2,1000,200,6000,1,
190559,ui_spray_560,2,1000,200,6000,1,
190560,ui_spray_561,2,1000,200,6000,1,
190561,ui_spray_562,2,1000,200,6000,1,
190562,ui_spray_563,2,1000,200,6000,1,
190563,ui_spray_564,3,1000,200,6000,1,
190564,ui_spray_565,3,1000,200,6000,1,
190565,ui_spray_566,3,1000,200,6000,1,
190566,ui_spray_567,3,1000,200,6000,1,
190567,ui_spray_568,3,1000,200,6000,1,
190568,ui_spray_569,2,1000,200,6000,1,
190569,ui_spray_570,3,1000,200,6000,1,
190570,ui_spray_571,3,1000,200,6000,1,
190571,ui_spray_572,3,1000,200,6000,1,
190572,ui_spray_573,3,1000,200,6000,1,
190573,ui_spray_574,3,1000,200,6000,1,
190574,ui_spray_575,3,1000,200,6000,1,
190575,ui_spray_576,3,1000,200,6000,1,
190576,ui_spray_577,3,1000,200,6000,1,
190577,ui_spray_578,3,1000,200,7000,1,
190578,ui_spray_579,3,1000,200,7000,1,
190579,ui_spray_580,3,1000,200,7000,1,
190580,ui_spray_581,3,1000,200,7000,1,
190581,ui_spray_582,3,1000,200,7000,1,
190582,ui_spray_583,3,1000,200,7000,1,
190583,ui_spray_584,3,1000,200,7000,1,
190584,ui_spray_585,3,1000,200,7000,1,
190585,ui_spray_586,2,1000,200,7000,1,
190586,ui_spray_587,3,1000,200,7000,1,
190587,ui_spray_588,3,1000,200,7000,1,
190588,ui_spray_589,3,1000,200,7000,1,
190589,ui_spray_590,2,1000,200,6000,1,
190590,ui_spray_591,2,1000,200,6000,1,
190591,ui_spray_592,2,1000,200,6000,1,
190592,ui_spray_593,2,1000,200,6000,1,
190593,ui_spray_594,2,1000,200,6000,1,
190594,ui_spray_595,2,1000,200,6000,1,
190595,ui_spray_596,2,1000,200,6000,1,
190596,ui_spray_597,2,1000,200,6000,1,
190597,ui_spray_598,2,1000,200,6000,1,
190598,ui_spray_599,2,1000,200,6000,1,
190599,ui_spray_600,2,1000,200,6000,1,
190600,ui_spray_601,2,1000,200,6000,1,
190601,ui_spray_602,2,1000,200,6000,1,
190602,ui_spray_603,2,1000,200,6000,1,
190603,ui_spray_604,2,1000,200,6000,1,
190604,ui_spray_605,2,1000,200,6000,1,
190605,ui_spray_606,2,1000,200,6000,1,
190606,ui_spray_607,2,1000,200,6000,1,
190607,ui_spray_608,2,1000,200,6000,1,
190608,ui_spray_609,2,1000,200,6000,1,
190609,ui_spray_610,2,1000,200,6000,1,
190610,ui_spray_611,2,1000,200,6000,1,
190611,ui_spray_612,2,1000,200,6000,1,
190612,ui_spray_613,2,1000,200,6000,1,
190613,ui_spray_614,2,1000,200,6000,1,
190614,ui_spray_615,2,1000,200,6000,1,
190615,ui_spray_616,2,1000,200,6000,1,
190616,ui_spray_617,2,1000,200,6000,1,
190617,ui_spray_618,2,1000,200,6000,1,
190618,ui_spray_619,2,1000,200,6000,1,
190619,ui_spray_620,2,1000,200,6000,1,
190620,ui_spray_621,2,1000,200,6000,1,
190621,ui_spray_622,2,1000,200,6000,1,
190622,ui_spray_623,2,1000,200,6000,1,
190623,ui_spray_624,2,1000,200,6000,1,
190624,ui_spray_625,2,1000,200,6000,1,
190625,ui_spray_626,2,1000,200,6000,1,
190626,ui_spray_627,2,1000,200,6000,1,
190627,ui_spray_628,2,1000,200,6000,1,
190628,ui_spray_629,2,1000,200,6000,1,
190629,ui_spray_630,2,1000,200,6000,1,
190630,ui_spray_631,2,1000,200,6000,1,
190631,ui_spray_632,2,1000,200,6000,1,
190632,ui_spray_633,2,1000,200,6000,1,
190633,ui_spray_634,2,1000,200,6000,1,
190634,ui_spray_635,2,1000,200,6000,1,
190635,ui_spray_636,2,1000,200,6000,1,
190636,ui_spray_637,2,1000,200,6000,1,
190637,ui_spray_638,2,1000,200,6000,1,
190638,ui_spray_639,2,1000,200,6000,1,
190639,ui_spray_640,2,1000,200,6000,1,
190640,ui_spray_641,2,1000,200,6000,1,
190641,ui_spray_642,2,1000,200,6000,1,
190642,ui_spray_643,2,1000,200,6000,1,
190643,ui_spray_644,2,1000,200,6000,1,
190644,ui_spray_645,2,1000,200,6000,1,
190645,ui_spray_646,2,1000,200,6000,1,
190646,ui_spray_647,2,1000,200,6000,1,
190647,ui_spray_648,2,1000,200,6000,1,
190648,ui_spray_649,2,1000,200,6000,1,
190649,ui_spray_650,2,1000,200,6000,1,
190650,ui_spray_651,2,1000,200,6000,1,
190651,ui_spray_652,2,1000,200,6000,1,
190652,ui_spray_653,2,1000,200,6000,1,
190653,ui_spray_654,2,1000,200,6000,1,
190654,ui_spray_655,2,1000,200,6000,1,
190655,ui_spray_656,2,1000,200,6000,1,
190656,ui_spray_657,2,1000,200,6000,1,
190657,ui_spray_658,2,1000,200,6000,1,
190658,ui_spray_659,2,1000,200,6000,1,
190659,ui_spray_660,2,1000,200,6000,1,
190660,ui_spray_661,2,1000,200,6000,1,
190661,ui_spray_662,2,1000,200,6000,1,
190662,ui_spray_663,2,1000,200,6000,1,
190663,ui_spray_664,2,1000,200,6000,1,
190664,ui_spray_665,2,1000,200,6000,1,
190665,ui_spray_666,2,1000,200,6000,1,
190666,ui_spray_667,2,1000,200,6000,1,
190667,ui_spray_668,2,1000,200,6000,1,
190668,ui_spray_669,2,1000,200,6000,1,
190669,ui_spray_670,2,1000,200,6000,1,
190670,ui_spray_671,2,1000,200,6000,1,
190671,ui_spray_672,2,1000,200,6000,1,
190672,ui_spray_673,2,1000,200,6000,1,
190673,ui_spray_674,2,1000,200,6000,1,
190674,ui_spray_675,2,1000,200,6000,1,
190675,ui_spray_676,2,1000,200,6000,1,
190676,ui_spray_677,2,1000,200,6000,1,
190677,ui_spray_678,2,1000,200,6000,1,
190678,ui_spray_679,2,1000,200,6000,1,
190679,ui_spray_680,2,1000,200,6000,1,
190680,ui_spray_681,2,1000,200,6000,1,
190681,ui_spray_682,2,1000,200,6000,1,
190682,ui_spray_683,2,1000,200,6000,1,
190683,ui_spray_684,2,1000,200,6000,1,
190684,ui_spray_685,2,1000,200,6000,1,
190685,ui_spray_686,2,1000,200,6000,1,
190686,ui_spray_687,2,1000,200,6000,1,
190687,ui_spray_688,2,1000,200,6000,1,
190688,ui_spray_689,2,1000,200,6000,1,
190689,ui_spray_690,2,1000,200,6000,1,
190690,ui_spray_691,2,1000,200,6000,1,
190691,ui_spray_692,2,1000,200,6000,1,
190692,ui_spray_693,2,1000,200,6000,1,
190693,ui_spray_694,2,1000,200,6000,1,
190694,ui_spray_695,2,1000,200,6000,1,
190695,ui_spray_696,2,1000,200,6000,1,
190696,ui_spray_697,2,1000,200,6000,1,
190697,ui_spray_698,2,1000,200,6000,1,
190698,ui_spray_699,2,1000,200,6000,1,
190699,ui_spray_700,2,1000,200,6000,1,
190700,ui_spray_701,2,1000,200,6000,1,
190701,ui_spray_702,2,1000,200,6000,1,
190702,ui_spray_703,2,1000,200,6000,1,
190703,ui_spray_704,2,1000,200,6000,1,
190704,ui_spray_705,2,1000,200,6000,1,
190705,ui_spray_706,2,1000,200,6000,1,
190706,ui_spray_707,2,1000,200,6000,1,
190707,ui_spray_708,2,1000,200,6000,1,
190708,ui_spray_709,2,1000,200,6000,1,
190709,ui_spray_710,2,1000,200,6000,1,
190710,ui_spray_711,2,1000,200,6000,1,
190711,ui_spray_712,2,1000,200,6000,1,
190712,ui_spray_713,2,1000,200,6000,1,
190713,ui_spray_714,2,1000,200,6000,1,
190714,ui_spray_715,2,1000,200,6000,1,
190715,ui_spray_716,2,1000,200,6000,1,
190716,ui_spray_717,2,1000,200,6000,1,
190717,ui_spray_718,2,1000,200,6000,1,
190718,ui_spray_719,2,1000,200,6000,1,
190719,ui_spray_720,2,1000,200,6000,1,
190720,ui_spray_721,2,1000,200,6000,1,
190721,ui_spray_722,2,1000,200,6000,1,
190722,ui_spray_723,2,1000,200,6000,1,
190723,ui_spray_724,2,1000,200,6000,1,
190724,ui_spray_725,2,1000,200,6000,1,
190725,ui_spray_726,2,1000,200,6000,1,
190726,ui_spray_727,2,1000,200,6000,1,
190727,ui_spray_728,2,1000,200,6000,1,
190728,ui_spray_729,2,1000,200,6000,1,
190729,ui_spray_730,2,1000,200,6000,1,
190730,ui_spray_731,2,1000,200,6000,1,
190731,ui_spray_732,2,1000,200,6000,1,
190732,ui_spray_733,2,1000,200,6000,1,
190733,ui_spray_734,2,1000,200,6000,1,
190734,ui_spray_735,2,1000,200,6000,1,
190735,ui_spray_736,2,1000,200,6000,1,
190736,ui_spray_737,2,1000,200,6000,1,
190737,ui_spray_738,2,1000,200,6000,1,
190738,ui_spray_739,2,1000,200,6000,1,
190739,ui_spray_740,2,1000,200,6000,1,
190740,ui_spray_741,2,1000,200,6000,1,
190741,ui_spray_742,2,1000,200,6000,1,
190742,ui_spray_743,2,1000,200,6000,1,
190743,ui_spray_744,2,1000,200,6000,1,
190744,ui_spray_745,2,1000,200,6000,1,
190745,ui_spray_746,2,1000,200,6000,1,
190746,ui_spray_747,2,1000,200,6000,1,
190747,ui_spray_748,2,1000,200,6000,1,
190748,ui_spray_749,2,1000,200,6000,1,
190749,ui_spray_750,2,1000,200,6000,1,
